{
    "motors": {
        "1": {
            "type": "M3508",
            "gear_ratio": 94.23076923076923,
            "kp": 6.0,
            "ki": 0.1,
            "kd": 0.0025,
            "skp": 0.01,
            "ski": 0.0,
            "skd": 0.0
        },
        "2": {
            "type": "M2006",
            "gear_ratio": 94.23076923076923,
            "kp": 5.0,
            "ki": 1.0,
            "kd": 0.0,
            "skp": 0.3,
            "ski": 0.0,
            "skd": 0.0
        },
        "3": {
            "type": "M2006",
            "gear_ratio": 94.23076923076923,
            "kp": 5.0,
            "ki": 1.0,
            "kd": 0.0,
            "skp": 0.3,
            "ski": 0.0,
            "skd": 0.0
        },
        "4": {
            "type": "M2006",
            "gear_ratio": 1.0,
            "kp": 5.0,
            "ki": 1.0,
            "kd": 0.0,
            "skp": 0.3,
            "ski": 0.0,
            "skd": 0.0
        },
        "5": {
            "type": "M2006",
            "gear_ratio": 1.0,
            "kp": 5.0,
            "ki": 1.0,
            "kd": 0.0,
            "skp": 0.3,
            "ski": 0.0,
            "skd": 0.0
        },
        "6": {
            "type": "M2006",
            "gear_ratio": 1.0,
            "kp": 5.0,
            "ki": 1.0,
            "kd": 0.0,
            "skp": 0.3,
            "ski": 0.0,
            "skd": 0.0
        }
    }
}